"Timestamp","What is your name?","What is your major?","What year will you graduate?","If you're American, what state are you from? If not, leave blank. (Answer in state code format, e.g. 'MI', 'ND')","If you're not American, what country are you from? If American, leave blank.","(Approximately) How many years of coding experience do you have?","How many pets do you have?","How many credits are you taking this semester?","How many roommates do you have?","How many Michigan Football games have you been to? (Approximations are okay)"
"2025/08/12 9:48:42 AM AST","Will McKanna","DS","2028","MI","","1","2","16","2",""
"2025/09/21 12:51:39 PM AST","Charlie Leversha","DS","2027","IL","","0","1","16","1","2"
"2025/09/21 12:51:46 PM AST","Pranjal Mhetre","CS","2029","NJ","","4","0","18","1","2"
"2025/09/21 12:51:47 PM AST","Yuhuan Liu","DS","2028","","China","0","0","18","2","0"
"2025/09/21 12:51:53 PM AST","Ella Kemp","DS","2029","CA","","0","1","16","1","2"
"2025/09/21 12:51:58 PM AST","Alejandro Hernandez ","DS","2029","IL","","2","2","17","1","6 or 7"
"2025/09/21 12:52:01 PM AST","Shlok Kinikar","DS","2028","TX","","1","1","15","5","9"
"2025/09/21 12:52:01 PM AST","Abhinav Burri","DS","2028","MI","","3","0","17","2","4"
"2025/09/21 12:52:03 PM AST","Kate Risley","DS","2029","MI","","2","0","17","1","2"
"2025/09/21 12:52:04 PM AST","Avi Dickman","Political Science","2028","WI","","1","0","15","3","8"
"2025/09/21 12:52:07 PM AST","Aidan Rathnaw","CS","2029","MI","","1","0","18","1","2"
"2025/09/21 12:52:11 PM AST","Nimra Shahab","DS","2029","NY","","0","2","15","1","0"
"2025/09/21 12:52:16 PM AST","Zach Geyer","Statistics","2027","MI","","1","2","15","1","4"
"2025/09/21 12:52:17 PM AST","Emma Son","DS","2028","","South Korea","1","0","18","3","5"
"2025/09/21 12:52:28 PM AST","Kenny Li","Poli Sci and Econ, CS minor","2027","CA","","6","3","16","3","0"
"2025/09/21 12:52:29 PM AST","Goldie Attah-Gyamfi","CS","2028","OH","","1","0","12","0","2"
"2025/09/21 12:52:32 PM AST","Jacob Dokho","Mechanical Engineering","2027","MI","","1","0","18","4","12"
"2025/09/21 12:52:33 PM AST","Samarth Chetan","CS","2029","NH","","1","0","17","1","1"
"2025/09/21 12:52:40 PM AST","Eli Dingens","DS","2028","MI","","2","1","17","1","8"
"2025/09/21 12:52:42 PM AST","Adila Fatemaa","UX Design","2027","Michigan ","","2","0","17","3","3"
"2025/09/21 12:52:44 PM AST","Madison","Undecided","2029","CA","","2","1","15","0","0"
"2025/09/21 12:52:49 PM AST","Mengtong Tu","DS","2029","","Canada ","1","No pets","17","1","1"
"2025/09/21 12:52:56 PM AST","Sabina Begum","Information Analytics","2027","MI","","2","0","17","3","0"
"2025/09/21 12:53:00 PM AST","Ryan Zimmel","Information Analysis","2027","ND","","3","1","15","3","20"
"2025/09/21 12:53:01 PM AST","Larissa King","Political Science & Public Health","2027","NJ","","1","0","18","1","14"
"2025/09/21 12:53:16 PM AST","Anjali Senthooran","DS","2029","MI","","2","1","16","1","0"
"2025/09/21 12:53:27 PM AST","Sarah McKendall","Math","2028","IL","","0","0","15","1","9"